{"cameraMode":{"drawMode":0,"name":"Shaded","section":"Shading Mode"},"sceneLighting":true,"audioPlay":false,"sceneViewState":{"showFog":true,"showMaterialUpdate":false,"showSkybox":true,"showFlares":true,"showImageEffects":true,"showParticleSystems":true},"in2DMode":false,"pivot":{"x":6.520718097686768,"y":0.6854108572006226,"z":4.203898906707764},"rotation":{"x":0.0015000241110101343,"y":0.012000330723822117,"z":-0.000013482573194778524,"w":0.9999462962150574},"size":38.890628814697269,"orthographic":true}