{"cameraMode":{"drawMode":0,"name":"Shaded","section":"Shading Mode"},"sceneLighting":true,"audioPlay":false,"sceneViewState":{"showFog":true,"showMaterialUpdate":false,"showSkybox":true,"showFlares":true,"showImageEffects":true,"showParticleSystems":true},"in2DMode":false,"pivot":{"x":-8.71987247467041,"y":-0.3798012137413025,"z":3.2734158039093019},"rotation":{"x":0.010499236173927784,"y":-0.011998671106994152,"z":0.00012486052582971752,"w":0.9998793005943298},"size":7.0082807540893559,"orthographic":true}