{"cameraMode":{"drawMode":0,"name":"Shaded","section":"Shading Mode"},"sceneLighting":true,"audioPlay":false,"sceneViewState":{"showFog":true,"showMaterialUpdate":false,"showSkybox":true,"showFlares":true,"showImageEffects":true,"showParticleSystems":true},"in2DMode":false,"pivot":{"x":2.0896081924438478,"y":-4.518352508544922,"z":14.665817260742188},"rotation":{"x":0.006000323221087456,"y":0.01200032327324152,"z":-0.000060770584241254255,"w":0.9999242424964905},"size":18.862775802612306,"orthographic":true}