{"cameraMode":{"drawMode":0,"name":"Shaded","section":"Shading Mode"},"sceneLighting":true,"audioPlay":false,"sceneViewState":{"showFog":true,"showMaterialUpdate":false,"showSkybox":true,"showFlares":true,"showImageEffects":true,"showParticleSystems":true},"in2DMode":false,"pivot":{"x":1.8490861654281617,"y":-2.065272331237793,"z":5.94340705871582},"rotation":{"x":-0.10328909754753113,"y":-0.07988419383764267,"z":0.008322032168507576,"w":-0.9914062023162842},"size":16.22852897644043,"orthographic":true}