{"cameraMode":{"drawMode":0,"name":"Shaded","section":"Shading Mode"},"sceneLighting":true,"audioPlay":false,"sceneViewState":{"showFog":true,"showMaterialUpdate":false,"showSkybox":true,"showFlares":true,"showImageEffects":true,"showParticleSystems":true},"in2DMode":false,"pivot":{"x":-1.0193662643432618,"y":0.7822623252868652,"z":8.511334419250489},"rotation":{"x":-0.1692316085100174,"y":-0.4538438022136688,"z":0.08818911761045456,"w":-0.8704588413238525},"size":19.942480087280275,"orthographic":false}